{"entries":[{"name":"init","function":"","children":[{"name":"hello","function":"","children":[{"name":"Cagadon","function":"","children":[],"text":"Real.","response":"Bueno, como son nuevos, no les voy a dar nada, jaja pendejos, todas mienten, suerte con los Osos."}],"text":"Hola Valeria","response":"Como mierda me dijiste?!, bueno en fin, Estamos de mudanza a este nuevo lugar, Nuestra antigua aldea fue destruida por 2 supernovas, suponemos que los enviaron los dioses, pecamos al aceptar a Jose Luis"}],"text":"Hola Lame Pijas! Cuanto tiempo sin vernos.","response":""}]}