{"stats":{"minecraft:used":{"carryon:entity_item":1,"cfm:oak_upgraded_fence":26,"minecraft:oak_slab":6,"minecraft:grass_block":3},"minecraft:killed":{"minecraft:creeper":1},"minecraft:custom":{"minecraft:jump":150,"minecraft:time_since_rest":42904,"minecraft:damage_dealt":200,"minecraft:leave_game":2,"minecraft:sprint_one_cm":16899,"minecraft:play_time":42904,"minecraft:walk_on_water_one_cm":161,"minecraft:time_since_death":42904,"minecraft:walk_one_cm":29250,"minecraft:sneak_time":71,"minecraft:total_world_time":43482,"minecraft:walk_under_water_one_cm":1712,"minecraft:mob_kills":1,"minecraft:fly_one_cm":33701}},"DataVersion":2975}