{"stats":{"minecraft:used":{"carryon:entity_item":6,"cfm:oak_upgraded_fence":26,"minecraft:oak_slab":6,"minecraft:crafting_table":1,"minecraft:grass_block":3},"minecraft:killed":{"minecraft:creeper":1},"minecraft:custom":{"minecraft:jump":291,"minecraft:time_since_rest":66904,"minecraft:crouch_one_cm":129,"minecraft:damage_dealt":200,"minecraft:leave_game":2,"minecraft:sprint_one_cm":41070,"minecraft:play_time":66904,"minecraft:walk_on_water_one_cm":161,"minecraft:time_since_death":66904,"minecraft:walk_one_cm":63529,"minecraft:sneak_time":572,"minecraft:total_world_time":67482,"minecraft:walk_under_water_one_cm":1712,"minecraft:mob_kills":1,"minecraft:interact_with_crafting_table":3,"minecraft:fly_one_cm":52383}},"DataVersion":2975}