{"stats":{"minecraft:used":{"minecraft:netherite_sword":2,"carryon:entity_item":7,"cfm:oak_upgraded_fence":26,"minecraft:oak_slab":6,"minecraft:crafting_table":1,"minecraft:grass_block":3},"minecraft:killed":{"minecraft:creeper":2},"minecraft:custom":{"minecraft:jump":407,"minecraft:time_since_rest":90904,"minecraft:crouch_one_cm":250,"minecraft:damage_dealt":400,"minecraft:leave_game":2,"minecraft:sprint_one_cm":61028,"minecraft:play_time":90904,"minecraft:walk_on_water_one_cm":161,"minecraft:time_since_death":90904,"minecraft:walk_one_cm":97230,"minecraft:sneak_time":707,"minecraft:total_world_time":91482,"minecraft:walk_under_water_one_cm":1712,"minecraft:mob_kills":2,"minecraft:interact_with_crafting_table":3,"minecraft:fly_one_cm":78162}},"DataVersion":2975}