{"stats":{"minecraft:used":{"minecraft:porkchop":2},"minecraft:killed":{"minecraft:pig":1},"minecraft:custom":{"minecraft:jump":82,"minecraft:time_since_rest":6253,"minecraft:damage_dealt":100,"minecraft:crouch_one_cm":301,"minecraft:sprint_one_cm":13112,"minecraft:play_time":6253,"minecraft:time_since_death":6253,"minecraft:walk_one_cm":18505,"minecraft:sneak_time":103,"minecraft:total_world_time":6253,"minecraft:mob_kills":1,"minecraft:fall_one_cm":418,"minecraft:fly_one_cm":11854},"minecraft:picked_up":{"minecraft:porkchop":3,"minecraft:wheat_seeds":1},"minecraft:mined":{"minecraft:grass":2,"minecraft:large_fern":1}},"DataVersion":2975}