{
  "tconstruct:tools/materials_and_you": {
    "criteria": {
      "crafted_book": "2024-06-30 23:49:57 +0000"
    },
    "done": true
  },
  "biomesoplenty:biomesoplenty/root": {
    "criteria": {
      "grassland": "2024-06-30 23:51:24 +0000"
    },
    "done": true
  },
  "tconstruct:internal/starting_book": {
    "criteria": {
      "tick": "2024-06-30 23:49:57 +0000"
    },
    "done": true
  },
  "modonomicon:modonomicon/root": {
    "criteria": {
      "modonomicon_present": "2024-06-30 23:49:57 +0000"
    },
    "done": true
  },
  "biomesoplenty:biomesoplenty/all_biomes": {
    "criteria": {
      "grassland": "2024-06-30 23:51:24 +0000"
    },
    "done": false
  },
  "mowziesmobs:root": {
    "criteria": {
      "custom_test_name": "2024-06-30 23:49:57 +0000"
    },
    "done": true
  },
  "occultism:occultism/root": {
    "criteria": {
      "occultism_present": "2024-06-30 23:49:57 +0000"
    },
    "done": true
  },
  "parcool:grant_parcool_guide": {
    "criteria": {
      "tick": "2024-06-30 23:49:57 +0000"
    },
    "done": true
  },
  "mca:root": {
    "criteria": {
      "village_plains": "2024-06-30 23:51:24 +0000"
    },
    "done": true
  },
  "DataVersion": 2975
}